,CUISINE DESCRIPTION_x,CUISINE DESCRIPTION_y,perc
Eastern European,73,1184,0.06165540540540541
Jewish/Kosher,305,5420,0.05627306273062731
Russian,80,1347,0.05939123979213066
Mediterranean,227,3490,0.06504297994269341
Middle Eastern,169,2573,0.06568208317139526
Other,789,2380,0.3315126050420168
